{
	"id": "d7565c61-1f28-4d5a-8002-f10283ced475",
	"name": "Mandoor API",
	"values": [
		{
			"key": "newPassword",
			"value": "supersecretpassword",
			"type": "default",
			"enabled": true
		},
		{
			"key": "newUsername",
			"value": "testing",
			"type": "default",
			"enabled": true
		},
		{
			"key": "newFullname",
			"value": "Testing Account",
			"type": "default",
			"enabled": true
		},
		{
			"key": "newEmail",
			"value": "testmandoor",
			"type": "default",
			"enabled": true
		},
		{
			"key": "newAlamat",
			"value": "tunggulsari",
			"type": "default",
			"enabled": true
		},
		{
			"key": "newNomorwa",
			"value": "082133666506",
			"type": "default",
			"enabled": true
		},
		{
			"key": "newMitraname",
			"value": "mitra testing",
			"type": "default",
			"enabled": true
		},
		{
			"key": "newNoKTP",
			"value": "337201239992802",
			"type": "default",
			"enabled": true
		},
		{
			"key": "accessTokenBay",
			"value": "",
			"type": "default",
			"enabled": true
		},
		{
			"key": "refreshTokenBay",
			"value": "",
			"type": "default",
			"enabled": true
		},
		{
			"key": "accessTokenMitra",
			"value": "",
			"type": "default",
			"enabled": true
		},
		{
			"key": "refreshTokenMitra",
			"value": "",
			"type": "default",
			"enabled": true
		},
		{
			"key": "port",
			"value": "8080",
			"type": "default",
			"enabled": true
		},
		{
			"key": "pesanan_id",
			"value": "",
			"type": "default",
			"enabled": true
		},
		{
			"key": "mitra_id",
			"value": "",
			"type": "default",
			"enabled": true
		},
		{
			"key": "skillId",
			"value": "",
			"type": "default",
			"enabled": true
		},
		{
			"key": "mitraEmail",
			"value": "",
			"type": "default",
			"enabled": true
		},
		{
			"key": "user_id",
			"value": "",
			"type": "any",
			"enabled": true
		},
		{
			"key": "mitra_name",
			"value": "",
			"type": "default",
			"enabled": true
		}
	],
	"_postman_variable_scope": "environment",
	"_postman_exported_at": "2023-12-09T08:57:06.756Z",
	"_postman_exported_using": "Postman/10.20.10"
}